*,,
 Brand,, Brand
Please select,,Material
*,,Dress/Skirt Length
Material,,Style
0/5,,Bottoms Length
Please select,,Country of Origin
*,,Dress/Skirt Style
Dress/Skirt Length,,Occasion
Please select,,Plus Size
,,Season
Style,,Season
0/5,,Waist Height
Please select,,Petite
Bottoms Length,,Pattern
Please select,,
,,
Country of Origin,,
Please select,,
,,
Dress/Skirt Style,,
Please select,,
,,
*,,
Occasion,,
Please select,,
,,
*,,
Plus Size,,
Please select,,
,,
Season,,
Please select,,
,,
Waist Height,,
Please select,,
,,
Petite,,
Please select,,
,,
Pattern,,
0/5,,
Please select,,
